<?xml version="1.0" encoding="UTF-8"?>
<export version="D">
  <design>
    <source>D:\Research\kiCAD\SiPM Digital\Redraw.sch</source>
    <date>5/21/2020 12:32:24 PM</date>
    <tool>Eeschema (5.1.0)-1</tool>
    <sheet number="1" name="/" tstamps="/">
      <title_block>
        <title/>
        <company/>
        <rev/>
        <date/>
        <source>Redraw.sch</source>
        <comment number="1" value=""/>
        <comment number="2" value=""/>
        <comment number="3" value=""/>
        <comment number="4" value=""/>
      </title_block>
    </sheet>
  </design>
  <components>
    <comp ref="J2">
      <value>-48V input</value>
      <footprint>TerminalBlock_Phoenix:TerminalBlock_Phoenix_MKDS-1,5-2-5.08_1x02_P5.08mm_Horizontal</footprint>
      <datasheet>~</datasheet>
      <libsource lib="Redraw-rescue" part="Screw_Terminal_01x02-Connector-CircuitV1-rescue" description=""/>
      <sheetpath names="/" tstamps="/"/>
      <tstamp>5CE6CA4A</tstamp>
    </comp>
    <comp ref="D1">
      <value>SiPM</value>
      <footprint>SiPM_3000:Microfc_30050</footprint>
      <datasheet>~</datasheet>
      <libsource lib="Redraw-rescue" part="SiPM-CustomFinch" description=""/>
      <sheetpath names="/" tstamps="/"/>
      <tstamp>5CE79430</tstamp>
    </comp>
    <comp ref="U1">
      <value>AD8675</value>
      <footprint>Package_SO:SOIC-8_3.9x4.9mm_P1.27mm</footprint>
      <datasheet>https://www.analog.com/media/en/technical-documentation/data-sheets/ADA4807-1_4807-2_4807-4.pdf</datasheet>
      <libsource lib="Redraw-rescue" part="AD8610_copy-CustomFinch" description=""/>
      <sheetpath names="/" tstamps="/"/>
      <tstamp>5CE79C0E</tstamp>
    </comp>
    <comp ref="R1">
      <value>470</value>
      <footprint>Resistor_SMD:R_0603_1608Metric_Pad1.05x0.95mm_HandSolder</footprint>
      <datasheet>~</datasheet>
      <libsource lib="Redraw-rescue" part="R-Device-CircuitV1-rescue" description=""/>
      <sheetpath names="/" tstamps="/"/>
      <tstamp>5CE7B561</tstamp>
    </comp>
    <comp ref="C4">
      <value>10uF</value>
      <footprint>Capacitor_SMD:CP_Elec_4x3.9</footprint>
      <datasheet>~</datasheet>
      <libsource lib="Redraw-rescue" part="CP-Device-CircuitV1-rescue" description=""/>
      <sheetpath names="/" tstamps="/"/>
      <tstamp>5CE81CC7</tstamp>
    </comp>
    <comp ref="C6">
      <value>0.1uF</value>
      <footprint>Capacitor_SMD:C_1206_3216Metric_Pad1.42x1.75mm_HandSolder</footprint>
      <datasheet>~</datasheet>
      <libsource lib="Redraw-rescue" part="C-Device-CircuitV1-rescue" description=""/>
      <sheetpath names="/" tstamps="/"/>
      <tstamp>5CE8285F</tstamp>
    </comp>
    <comp ref="R2">
      <value>50</value>
      <footprint>Resistor_SMD:R_1206_3216Metric_Pad1.42x1.75mm_HandSolder</footprint>
      <datasheet>~</datasheet>
      <libsource lib="Redraw-rescue" part="R-Device-CircuitV1-rescue" description=""/>
      <sheetpath names="/" tstamps="/"/>
      <tstamp>5CE8A9CD</tstamp>
    </comp>
    <comp ref="C1">
      <value>10nF</value>
      <footprint>Capacitor_SMD:C_0805_2012Metric_Pad1.15x1.40mm_HandSolder</footprint>
      <datasheet>~</datasheet>
      <libsource lib="Redraw-rescue" part="C-Device-CircuitV1-rescue" description=""/>
      <sheetpath names="/" tstamps="/"/>
      <tstamp>5CF7D263</tstamp>
    </comp>
    <comp ref="J3">
      <value>+6V Input</value>
      <footprint>TerminalBlock_Phoenix:TerminalBlock_Phoenix_MKDS-1,5-2-5.08_1x02_P5.08mm_Horizontal</footprint>
      <datasheet>~</datasheet>
      <libsource lib="Redraw-rescue" part="Screw_Terminal_01x02-Connector-CircuitV1-rescue" description=""/>
      <sheetpath names="/" tstamps="/"/>
      <tstamp>5CF5E354</tstamp>
    </comp>
    <comp ref="D2">
      <value>D</value>
      <footprint>Diode_SMD:D_SOD-123F</footprint>
      <datasheet>~</datasheet>
      <libsource lib="Device" part="D" description="Diode"/>
      <sheetpath names="/" tstamps="/"/>
      <tstamp>5D14E3E5</tstamp>
    </comp>
    <comp ref="U2">
      <value>LM337L_SO8</value>
      <footprint>Package_SO:SOIC-8_3.9x4.9mm_P1.27mm</footprint>
      <datasheet>http://www.ti.com/lit/ds/symlink/lm337l.pdf</datasheet>
      <libsource lib="Regulator_Linear" part="LM337L_SO8" description="100mA 35V Adjustable Negative Linear Regulator, SO-8"/>
      <sheetpath names="/" tstamps="/"/>
      <tstamp>5D1507D0</tstamp>
    </comp>
    <comp ref="C2">
      <value>22p</value>
      <footprint>Capacitor_SMD:C_0603_1608Metric_Pad1.05x0.95mm_HandSolder</footprint>
      <datasheet>~</datasheet>
      <libsource lib="Redraw-rescue" part="C-Device-CircuitV1-rescue" description=""/>
      <sheetpath names="/" tstamps="/"/>
      <tstamp>5CE7C994</tstamp>
    </comp>
    <comp ref="C5">
      <value>10uF</value>
      <footprint>Capacitor_SMD:CP_Elec_4x3.9</footprint>
      <datasheet>~</datasheet>
      <libsource lib="Redraw-rescue" part="CP-Device-CircuitV1-rescue" description=""/>
      <sheetpath names="/" tstamps="/"/>
      <tstamp>5D31CC42</tstamp>
    </comp>
    <comp ref="C3">
      <value>0.1uF</value>
      <footprint>Capacitor_SMD:C_1206_3216Metric_Pad1.42x1.75mm_HandSolder</footprint>
      <datasheet>~</datasheet>
      <libsource lib="Redraw-rescue" part="C-Device-CircuitV1-rescue" description=""/>
      <sheetpath names="/" tstamps="/"/>
      <tstamp>5D31CC48</tstamp>
    </comp>
    <comp ref="C7">
      <value>200n</value>
      <footprint>Capacitor_SMD:C_0603_1608Metric_Pad1.05x0.95mm_HandSolder</footprint>
      <datasheet>~</datasheet>
      <libsource lib="Redraw-rescue" part="C-Device-CircuitV1-rescue" description=""/>
      <sheetpath names="/" tstamps="/"/>
      <tstamp>5D342507</tstamp>
    </comp>
    <comp ref="U3">
      <value>LM317_3PinPackage</value>
      <footprint>Package_TO_SOT_SMD:SOT-223</footprint>
      <datasheet>http://www.ti.com/lit/ds/symlink/lm317.pdf</datasheet>
      <libsource lib="Regulator_Linear" part="LM317_3PinPackage" description="1A 35V Adjustable Linear Regulator, SOT-89/SOT-223/TO-220/TO-252/TO-263"/>
      <sheetpath names="/" tstamps="/"/>
      <tstamp>5D3D63C6</tstamp>
    </comp>
    <comp ref="D3">
      <value>D</value>
      <footprint>Diode_SMD:D_SOD-123F</footprint>
      <datasheet>~</datasheet>
      <libsource lib="Device" part="D" description="Diode"/>
      <sheetpath names="/" tstamps="/"/>
      <tstamp>5D3F2A8F</tstamp>
    </comp>
    <comp ref="R6">
      <value>210</value>
      <footprint>Resistor_SMD:R_1206_3216Metric_Pad1.42x1.75mm_HandSolder</footprint>
      <datasheet>~</datasheet>
      <libsource lib="Redraw-rescue" part="R-Device-CircuitV1-rescue" description=""/>
      <sheetpath names="/" tstamps="/"/>
      <tstamp>5D400C58</tstamp>
    </comp>
    <comp ref="C11">
      <value>10uF</value>
      <footprint>Capacitor_SMD:C_1206_3216Metric_Pad1.42x1.75mm_HandSolder</footprint>
      <datasheet>~</datasheet>
      <libsource lib="Redraw-rescue" part="C-Device-CircuitV1-rescue" description=""/>
      <sheetpath names="/" tstamps="/"/>
      <tstamp>5D40EA32</tstamp>
    </comp>
    <comp ref="C12">
      <value>1uF</value>
      <footprint>Capacitor_SMD:C_1206_3216Metric_Pad1.42x1.75mm_HandSolder</footprint>
      <datasheet>~</datasheet>
      <libsource lib="Redraw-rescue" part="C-Device-CircuitV1-rescue" description=""/>
      <sheetpath names="/" tstamps="/"/>
      <tstamp>5D40F9AB</tstamp>
    </comp>
    <comp ref="C10">
      <value>0.1uF</value>
      <footprint>Capacitor_SMD:C_1206_3216Metric_Pad1.42x1.75mm_HandSolder</footprint>
      <datasheet>~</datasheet>
      <libsource lib="Redraw-rescue" part="C-Device-CircuitV1-rescue" description=""/>
      <sheetpath names="/" tstamps="/"/>
      <tstamp>5D410092</tstamp>
    </comp>
    <comp ref="D4">
      <value>D</value>
      <footprint>Diode_SMD:D_SOD-123F</footprint>
      <datasheet>~</datasheet>
      <libsource lib="Device" part="D" description="Diode"/>
      <sheetpath names="/" tstamps="/"/>
      <tstamp>5D410737</tstamp>
    </comp>
    <comp ref="R5">
      <value>700</value>
      <footprint>Resistor_SMD:R_1206_3216Metric_Pad1.42x1.75mm_HandSolder</footprint>
      <datasheet>~</datasheet>
      <libsource lib="Redraw-rescue" part="R-Device-CircuitV1-rescue" description=""/>
      <sheetpath names="/" tstamps="/"/>
      <tstamp>5D4592EE</tstamp>
    </comp>
    <comp ref="U4">
      <value>LM337L_SO8</value>
      <footprint>Package_SO:SOIC-8_3.9x4.9mm_P1.27mm</footprint>
      <datasheet>http://www.ti.com/lit/ds/symlink/lm337l.pdf</datasheet>
      <libsource lib="Regulator_Linear" part="LM337L_SO8" description="100mA 35V Adjustable Negative Linear Regulator, SO-8"/>
      <sheetpath names="/" tstamps="/"/>
      <tstamp>5D4C6DA0</tstamp>
    </comp>
    <comp ref="R8">
      <value>210</value>
      <footprint>Resistor_SMD:R_1206_3216Metric_Pad1.42x1.75mm_HandSolder</footprint>
      <datasheet>~</datasheet>
      <libsource lib="Redraw-rescue" part="R-Device-CircuitV1-rescue" description=""/>
      <sheetpath names="/" tstamps="/"/>
      <tstamp>5D50A7B6</tstamp>
    </comp>
    <comp ref="R7">
      <value>670</value>
      <footprint>Resistor_SMD:R_1206_3216Metric_Pad1.42x1.75mm_HandSolder</footprint>
      <datasheet>~</datasheet>
      <libsource lib="Redraw-rescue" part="R-Device-CircuitV1-rescue" description=""/>
      <sheetpath names="/" tstamps="/"/>
      <tstamp>5D51CABE</tstamp>
    </comp>
    <comp ref="C14">
      <value>10uF</value>
      <footprint>Capacitor_SMD:C_1206_3216Metric_Pad1.42x1.75mm_HandSolder</footprint>
      <datasheet>~</datasheet>
      <libsource lib="Redraw-rescue" part="C-Device-CircuitV1-rescue" description=""/>
      <sheetpath names="/" tstamps="/"/>
      <tstamp>5D53C043</tstamp>
    </comp>
    <comp ref="C13">
      <value>1uF</value>
      <footprint>Capacitor_SMD:C_1206_3216Metric_Pad1.42x1.75mm_HandSolder</footprint>
      <datasheet>~</datasheet>
      <libsource lib="Redraw-rescue" part="C-Device-CircuitV1-rescue" description=""/>
      <sheetpath names="/" tstamps="/"/>
      <tstamp>5D54C44D</tstamp>
    </comp>
    <comp ref="J4">
      <value>-6V Input</value>
      <footprint>TerminalBlock_Phoenix:TerminalBlock_Phoenix_MKDS-1,5-2-5.08_1x02_P5.08mm_Horizontal</footprint>
      <datasheet>~</datasheet>
      <libsource lib="Redraw-rescue" part="Screw_Terminal_01x02-Connector-CircuitV1-rescue" description=""/>
      <sheetpath names="/" tstamps="/"/>
      <tstamp>5D667E87</tstamp>
    </comp>
    <comp ref="RV1">
      <value>R_POT_TRIM</value>
      <footprint>Potentiometer_SMD:Potentiometer_Bourns_3269W_Vertical</footprint>
      <datasheet>~</datasheet>
      <libsource lib="Device" part="R_POT_TRIM" description="Trim-potentiometer"/>
      <sheetpath names="/" tstamps="/"/>
      <tstamp>5D394DBD</tstamp>
    </comp>
    <comp ref="C8">
      <value>1uF</value>
      <footprint>Capacitor_SMD:C_1206_3216Metric_Pad1.42x1.75mm_HandSolder</footprint>
      <datasheet>~</datasheet>
      <libsource lib="Redraw-rescue" part="C-Device-CircuitV1-rescue" description=""/>
      <sheetpath names="/" tstamps="/"/>
      <tstamp>5D88C3A0</tstamp>
    </comp>
    <comp ref="J1">
      <value>Conn_Coaxial</value>
      <footprint>Connector_Coaxial:BNC_Amphenol_B6252HB-NPP3G-50_Horizontal</footprint>
      <datasheet> ~</datasheet>
      <libsource lib="Connector" part="Conn_Coaxial" description="coaxial connector (BNC, SMA, SMB, SMC, Cinch/RCA, ...)"/>
      <sheetpath names="/" tstamps="/"/>
      <tstamp>5D9A8B59</tstamp>
    </comp>
    <comp ref="R4">
      <value>240</value>
      <footprint>Resistor_SMD:R_1206_3216Metric_Pad1.42x1.75mm_HandSolder</footprint>
      <datasheet>~</datasheet>
      <libsource lib="Redraw-rescue" part="R-Device-CircuitV1-rescue" description=""/>
      <sheetpath names="/" tstamps="/"/>
      <tstamp>5CE6B9E1</tstamp>
    </comp>
    <comp ref="R3">
      <value>RTRIM (10k)</value>
      <footprint>Potentiometer_SMD:Potentiometer_Bourns_3269W_Vertical</footprint>
      <datasheet>~</datasheet>
      <libsource lib="Redraw-rescue" part="RTRIM-Device-CircuitV1-rescue" description=""/>
      <sheetpath names="/" tstamps="/"/>
      <tstamp>5CE69AE9</tstamp>
    </comp>
    <comp ref="VBias1">
      <value>TestPoint</value>
      <footprint>TestPoint:TestPoint_Pad_D2.0mm</footprint>
      <datasheet>~</datasheet>
      <libsource lib="Connector" part="TestPoint" description="test point"/>
      <sheetpath names="/" tstamps="/"/>
      <tstamp>5D68032E</tstamp>
    </comp>
    <comp ref="C9">
      <value>1uF</value>
      <footprint>Capacitor_SMD:C_1206_3216Metric_Pad1.42x1.75mm_HandSolder</footprint>
      <datasheet>~</datasheet>
      <libsource lib="Redraw-rescue" part="C-Device-CircuitV1-rescue" description=""/>
      <sheetpath names="/" tstamps="/"/>
      <tstamp>5E7C06AE</tstamp>
    </comp>
  </components>
  <libparts>
    <libpart lib="Connector" part="Conn_Coaxial">
      <description>coaxial connector (BNC, SMA, SMB, SMC, Cinch/RCA, ...)</description>
      <docs> ~</docs>
      <footprints>
        <fp>*BNC*</fp>
        <fp>*SMA*</fp>
        <fp>*SMB*</fp>
        <fp>*SMC*</fp>
        <fp>*Cinch*</fp>
      </footprints>
      <fields>
        <field name="Reference">J</field>
        <field name="Value">Conn_Coaxial</field>
      </fields>
      <pins>
        <pin num="1" name="In" type="passive"/>
        <pin num="2" name="Ext" type="passive"/>
      </pins>
    </libpart>
    <libpart lib="Connector" part="TestPoint">
      <description>test point</description>
      <docs>~</docs>
      <footprints>
        <fp>Pin*</fp>
        <fp>Test*</fp>
      </footprints>
      <fields>
        <field name="Reference">TP</field>
        <field name="Value">TestPoint</field>
      </fields>
      <pins>
        <pin num="1" name="1" type="passive"/>
      </pins>
    </libpart>
    <libpart lib="Device" part="D">
      <description>Diode</description>
      <docs>~</docs>
      <footprints>
        <fp>TO-???*</fp>
        <fp>*_Diode_*</fp>
        <fp>*SingleDiode*</fp>
        <fp>D_*</fp>
      </footprints>
      <fields>
        <field name="Reference">D</field>
        <field name="Value">D</field>
      </fields>
      <pins>
        <pin num="1" name="K" type="passive"/>
        <pin num="2" name="A" type="passive"/>
      </pins>
    </libpart>
    <libpart lib="Device" part="R_POT_TRIM">
      <description>Trim-potentiometer</description>
      <docs>~</docs>
      <footprints>
        <fp>Potentiometer*</fp>
      </footprints>
      <fields>
        <field name="Reference">RV</field>
        <field name="Value">R_POT_TRIM</field>
      </fields>
      <pins>
        <pin num="1" name="1" type="passive"/>
        <pin num="2" name="2" type="passive"/>
        <pin num="3" name="3" type="passive"/>
      </pins>
    </libpart>
    <libpart lib="Redraw-rescue" part="AD8610_copy-CustomFinch">
      <footprints>
        <fp>SOIC*3.9x4.9mm*P1.27mm*</fp>
        <fp>DIP*W7.62mm*</fp>
        <fp>TSSOP*3x3mm*P0.65mm*</fp>
      </footprints>
      <fields>
        <field name="Reference">U</field>
        <field name="Value">AD8610_copy-CustomFinch</field>
      </fields>
      <pins>
        <pin num="1" name="NULL" type="input"/>
        <pin num="2" name="-" type="input"/>
        <pin num="3" name="+" type="input"/>
        <pin num="4" name="V-" type="power_in"/>
        <pin num="6" name="~" type="output"/>
        <pin num="7" name="V+" type="power_in"/>
        <pin num="8" name="NC" type="NotConnected"/>
      </pins>
    </libpart>
    <libpart lib="Redraw-rescue" part="C-Device-CircuitV1-rescue">
      <footprints>
        <fp>C_*</fp>
      </footprints>
      <fields>
        <field name="Reference">C</field>
        <field name="Value">C-Device-CircuitV1-rescue</field>
      </fields>
      <pins>
        <pin num="1" name="~" type="passive"/>
        <pin num="2" name="~" type="passive"/>
      </pins>
    </libpart>
    <libpart lib="Redraw-rescue" part="CP-Device-CircuitV1-rescue">
      <footprints>
        <fp>CP_*</fp>
      </footprints>
      <fields>
        <field name="Reference">C</field>
        <field name="Value">CP-Device-CircuitV1-rescue</field>
      </fields>
      <pins>
        <pin num="1" name="~" type="passive"/>
        <pin num="2" name="~" type="passive"/>
      </pins>
    </libpart>
    <libpart lib="Redraw-rescue" part="R-Device-CircuitV1-rescue">
      <footprints>
        <fp>R_*</fp>
      </footprints>
      <fields>
        <field name="Reference">R</field>
        <field name="Value">R-Device-CircuitV1-rescue</field>
      </fields>
      <pins>
        <pin num="1" name="~" type="passive"/>
        <pin num="2" name="~" type="passive"/>
      </pins>
    </libpart>
    <libpart lib="Redraw-rescue" part="RTRIM-Device-CircuitV1-rescue">
      <footprints>
        <fp>R_*</fp>
      </footprints>
      <fields>
        <field name="Reference">R</field>
        <field name="Value">RTRIM-Device-CircuitV1-rescue</field>
      </fields>
      <pins>
        <pin num="1" name="~" type="passive"/>
        <pin num="2" name="~" type="passive"/>
      </pins>
    </libpart>
    <libpart lib="Redraw-rescue" part="Screw_Terminal_01x02-Connector-CircuitV1-rescue">
      <footprints>
        <fp>TerminalBlock*:*</fp>
      </footprints>
      <fields>
        <field name="Reference">J</field>
        <field name="Value">Screw_Terminal_01x02-Connector-CircuitV1-rescue</field>
      </fields>
      <pins>
        <pin num="1" name="Pin_1" type="passive"/>
        <pin num="2" name="Pin_2" type="passive"/>
      </pins>
    </libpart>
    <libpart lib="Redraw-rescue" part="SiPM-CustomFinch">
      <footprints>
        <fp>MPPC*</fp>
      </footprints>
      <fields>
        <field name="Reference">D</field>
        <field name="Value">SiPM-CustomFinch</field>
      </fields>
      <pins>
        <pin num="1" name="Anode" type="passive"/>
        <pin num="2" name="Fast" type="passive"/>
        <pin num="3" name="Cathode" type="passive"/>
        <pin num="4" name="NC" type="passive"/>
      </pins>
    </libpart>
    <libpart lib="Regulator_Linear" part="LM317_3PinPackage">
      <aliases>
        <alias>AZ1117-ADJ</alias>
      </aliases>
      <description>1A 35V Adjustable Linear Regulator, SOT-89/SOT-223/TO-220/TO-252/TO-263</description>
      <docs>http://www.ti.com/lit/ds/symlink/lm317.pdf</docs>
      <footprints>
        <fp>SOT?223*</fp>
        <fp>SOT?89*</fp>
        <fp>TO?220*</fp>
        <fp>TO?252*</fp>
        <fp>TO?263*</fp>
      </footprints>
      <fields>
        <field name="Reference">U</field>
        <field name="Value">LM317_3PinPackage</field>
      </fields>
      <pins>
        <pin num="1" name="ADJ" type="input"/>
        <pin num="2" name="VO" type="power_out"/>
        <pin num="3" name="VI" type="power_in"/>
      </pins>
    </libpart>
    <libpart lib="Regulator_Linear" part="LM337L_SO8">
      <description>100mA 35V Adjustable Negative Linear Regulator, SO-8</description>
      <docs>http://www.ti.com/lit/ds/symlink/lm337l.pdf</docs>
      <footprints>
        <fp>SOIC*3.9x4.9mm*P1.27mm*</fp>
      </footprints>
      <fields>
        <field name="Reference">U</field>
        <field name="Value">LM337L_SO8</field>
        <field name="Footprint">Package_SO:SOIC-8_3.9x4.9mm_P1.27mm</field>
      </fields>
      <pins>
        <pin num="1" name="VO" type="power_out"/>
        <pin num="2" name="VI" type="power_in"/>
        <pin num="3" name="VI" type="passive"/>
        <pin num="4" name="ADJ" type="input"/>
        <pin num="5" name="NC" type="NotConnected"/>
        <pin num="6" name="VI" type="passive"/>
        <pin num="7" name="VI" type="passive"/>
        <pin num="8" name="NC" type="NotConnected"/>
      </pins>
    </libpart>
  </libparts>
  <libraries>
    <library logical="Connector">
      <uri>C:\Program Files\KiCad\share\kicad\library/Connector.lib</uri>
    </library>
    <library logical="Device">
      <uri>C:\Program Files\KiCad\share\kicad\library/Device.lib</uri>
    </library>
    <library logical="Redraw-rescue">
      <uri>D:\Research\kiCAD\SiPM Digital/Redraw-rescue.lib</uri>
    </library>
    <library logical="Regulator_Linear">
      <uri>C:\Program Files\KiCad\share\kicad\library/Regulator_Linear.lib</uri>
    </library>
  </libraries>
  <nets>
    <net code="1" name="FB1">
      <node ref="U1" pin="6"/>
      <node ref="R1" pin="1"/>
      <node ref="R2" pin="1"/>
      <node ref="C2" pin="2"/>
    </net>
    <net code="2" name="+5VA">
      <node ref="C6" pin="2"/>
      <node ref="U1" pin="7"/>
      <node ref="U3" pin="2"/>
      <node ref="D4" pin="1"/>
      <node ref="D3" pin="2"/>
      <node ref="RV1" pin="2"/>
      <node ref="R6" pin="1"/>
      <node ref="C4" pin="1"/>
      <node ref="C12" pin="1"/>
    </net>
    <net code="3" name="Net-(RV1-Pad1)">
      <node ref="RV1" pin="1"/>
      <node ref="U1" pin="8"/>
    </net>
    <net code="4" name="Net-(RV1-Pad3)">
      <node ref="RV1" pin="3"/>
      <node ref="U1" pin="1"/>
    </net>
    <net code="5" name="Net-(C13-Pad2)">
      <node ref="U4" pin="6"/>
      <node ref="J4" pin="2"/>
      <node ref="C13" pin="2"/>
      <node ref="U4" pin="3"/>
      <node ref="U4" pin="2"/>
      <node ref="U4" pin="7"/>
    </net>
    <net code="6" name="Net-(R7-Pad2)">
      <node ref="U4" pin="4"/>
      <node ref="R8" pin="1"/>
      <node ref="R7" pin="2"/>
    </net>
    <net code="7" name="Net-(U4-Pad8)">
      <node ref="U4" pin="8"/>
    </net>
    <net code="8" name="-5V">
      <node ref="U4" pin="1"/>
      <node ref="U1" pin="4"/>
      <node ref="C14" pin="2"/>
      <node ref="R8" pin="2"/>
      <node ref="C3" pin="1"/>
      <node ref="C5" pin="2"/>
    </net>
    <net code="9" name="-VDC">
      <node ref="R4" pin="2"/>
      <node ref="D1" pin="1"/>
      <node ref="U2" pin="1"/>
      <node ref="D2" pin="1"/>
      <node ref="C1" pin="1"/>
      <node ref="C9" pin="2"/>
      <node ref="VBias1" pin="1"/>
    </net>
    <net code="10" name="Net-(R3-Pad2)">
      <node ref="R4" pin="1"/>
      <node ref="R3" pin="2"/>
      <node ref="U2" pin="4"/>
    </net>
    <net code="11" name="Net-(U4-Pad5)">
      <node ref="U4" pin="5"/>
    </net>
    <net code="12" name="Net-(C8-Pad1)">
      <node ref="U2" pin="3"/>
      <node ref="U2" pin="6"/>
      <node ref="D2" pin="2"/>
      <node ref="U2" pin="2"/>
      <node ref="U2" pin="7"/>
      <node ref="C8" pin="1"/>
      <node ref="J2" pin="2"/>
    </net>
    <net code="13" name="Net-(C7-Pad1)">
      <node ref="C7" pin="1"/>
      <node ref="R2" pin="2"/>
      <node ref="J1" pin="1"/>
    </net>
    <net code="14" name="Net-(U2-Pad8)">
      <node ref="U2" pin="8"/>
    </net>
    <net code="15" name="Net-(U2-Pad5)">
      <node ref="U2" pin="5"/>
    </net>
    <net code="16" name="GNDS">
      <node ref="U1" pin="3"/>
      <node ref="C7" pin="2"/>
    </net>
    <net code="17" name="Net-(U1-Pad8)">
      <node ref="U1" pin="8"/>
    </net>
    <net code="18" name="Net-(C2-Pad1)">
      <node ref="R1" pin="2"/>
      <node ref="D1" pin="3"/>
      <node ref="U1" pin="2"/>
      <node ref="C2" pin="1"/>
    </net>
    <net code="19" name="Net-(D1-Pad2)">
      <node ref="D1" pin="2"/>
    </net>
    <net code="20" name="Net-(C11-Pad1)">
      <node ref="C11" pin="1"/>
      <node ref="U3" pin="1"/>
      <node ref="R5" pin="1"/>
      <node ref="R6" pin="2"/>
    </net>
    <net code="21" name="GND">
      <node ref="C12" pin="2"/>
      <node ref="J2" pin="1"/>
      <node ref="C1" pin="2"/>
      <node ref="C10" pin="2"/>
      <node ref="D4" pin="2"/>
      <node ref="C11" pin="2"/>
      <node ref="R5" pin="2"/>
      <node ref="C8" pin="2"/>
      <node ref="C9" pin="1"/>
      <node ref="J4" pin="1"/>
      <node ref="C4" pin="2"/>
      <node ref="C13" pin="1"/>
      <node ref="C14" pin="1"/>
      <node ref="R7" pin="1"/>
      <node ref="J3" pin="1"/>
      <node ref="C5" pin="1"/>
      <node ref="D1" pin="4"/>
      <node ref="C6" pin="1"/>
      <node ref="C3" pin="2"/>
      <node ref="J1" pin="2"/>
      <node ref="R3" pin="1"/>
    </net>
    <net code="22" name="Net-(C10-Pad1)">
      <node ref="C10" pin="1"/>
      <node ref="D3" pin="1"/>
      <node ref="U3" pin="3"/>
      <node ref="J3" pin="2"/>
    </net>
  </nets>
</export>
